occupation,count,category
ACADEMIC DEAN,1,FACULTY
ADJ. ASSOC.PROFESSOR,1,FACULTY
ADJUNCT,1,FACULTY
ADJUNCT ASSISTANT PROFESSOR,1,FACULTY
ADJUNCT ASSISTANT PROFESSOR OF ART,1,FACULTY
ADJUNCT ASSOCIATE PROFESSOR,1,FACULTY
ADJUNCT FACULTY,2,FACULTY
ADJUNCT PROF,1,FACULTY
ADJUNCT PROF.,1,FACULTY
ADJUNCT PROFESSOR,20,FACULTY
ADMINISTRATOR/PROFESSOR,1,FACULTY
ADVISING DEAN,2,FACULTY
ARCHITECT & PROFESSOR,1,FACULTY
ASSISTANT ADJUNCT PROFESSOR,1,FACULTY
ASSISTANT PROFESSOR,17,FACULTY
ASSISTANT PROFESSOR OF PUBLIC HEALTH,1,FACULTY
ASSISTANT PROFESSOR PSYCHIATRY,1,FACULTY
ASSOCIATE DEAN,5,FACULTY
ASSOCIATE PROFESSOR,4,FACULTY
ASSOCIATE PROFESSOR OF POLITICAL SCIEN,1,FACULTY
ASST PROFESSOR,2,FACULTY
"ATTORNEY, ADJ. PROFESSOR",1,FACULTY
ATTORNEY/PROFESSOR,1,FACULTY
COLLEGE PROFESSOR,6,FACULTY
COLLEGE PROFESSOR AND SCIENTIST,1,FACULTY
DEAN,4,FACULTY
DEAN & PROFESSOR,1,FACULTY
DEAN OF STRATEGIC INITIATIVES,1,FACULTY
"DEAN, SCHOOL OF INTL AND PUBLIC AFFAIR",1,FACULTY
DEAN/PROFESSOR,1,FACULTY
ECONOMICS PROFESSOR,1,FACULTY
ENGLISH PROFESSOR,2,FACULTY
EXAM PROCTOR,3,FACULTY
FACULTY,18,FACULTY
LAW PROFESSOR,2,FACULTY
LAWYER/ACADEMIC,1,FACULTY
LECTURER (PROFESSOR),1,FACULTY
MUSIC PROFESSOR,1,FACULTY
NEUROPSYCHOLOGIST/ASSOCIATE PROFESSOR,1,FACULTY
POFESSOR,1,FACULTY
PRESIDENT,1,FACULTY
PROF,1,FACULTY
PROFESSOR,563,FACULTY
PROFESSOR AND DEA,1,FACULTY
PROFESSOR AND DEAN,2,FACULTY
PROFESSOR AND DIRECTOR,1,FACULTY
PROFESSOR AND EDUCATIONAL CONSULTANT,1,FACULTY
PROFESSOR AND NURSE,1,FACULTY
PROFESSOR EMERITA,2,FACULTY
PROFESSOR HEALTH CARE,1,FACULTY
PROFESSOR OF ANESTHESIOLOGY,1,FACULTY
PROFESSOR OF ANTHROPOLOGY,1,FACULTY
PROFESSOR OF BIOCHEMISTRY,1,FACULTY
PROFESSOR OF HISTORY,1,FACULTY
PROFESSOR OF MEDICINE,3,FACULTY
PROFESSOR OF MICROBIOLOGY,1,FACULTY
PROFESSOR OF PHYSICS,1,FACULTY
PROFESSOR OF PSYCHIATRY,1,FACULTY
"PROFESSOR, PART TIME",1,FACULTY
"PROFESSOR, PROVOST",1,FACULTY
"PROFESSOR, PSYCHOLOGIST",1,FACULTY
"PROFESSOR, SCHOLAR",1,FACULTY
PROFESSOR/ARTIST,2,FACULTY
PROFESSOR/ATTORNEY,1,FACULTY
PROFESSSOR,1,FACULTY
PROFFESSOR,1,FACULTY
PSYCHOLOGY PROFESSOR,1,FACULTY
RESEARCH FACULTY,2,FACULTY
RESEARCH PROFESSOR,2,FACULTY
RESEARCHER/INSTRUCTOR,1,FACULTY
RESEARCHER/PROF.,1,FACULTY
RESEARCHER/WRITER/PROFESSOR,1,FACULTY
RETIRED PROFESSOR,1,FACULTY
"RETIRED PROFESSOR, STILL TEACHING",1,FACULTY
SENIOR ASSISTANT DEAN,1,FACULTY
SENIOR LECTURER,2,FACULTY
UNDERPAID ADJUNCT PROFESSOR,1,FACULTY
UNIVERSITY DEAN,1,FACULTY
UNIVERSITY PROFESSOR,12,FACULTY
WRITER/PROFESSOR,2,FACULTY
ASST. PROFESSOR,1,FACULTY
ASST DEAN FINANCE,1,FACULTY
ASSISTANT DEAN- DEVELOPMENT,1,FACULTY
ASSISTANT CLINICAL PROFESSOR OF NUTRIT,1,FACULTY
ADJUNCT INSTRUCTOR,2,TEACHING
ADJUNCT LECTURER,1,TEACHING
"ADMINISTRATOR, TEACHER",1,TEACHING
"ADMINISTRATOR, YOGA TEACHER",1,TEACHING
ASSOCIATE INSTRUCTOR,1,TEACHING
BIOLOGICAL SCIENCES INSTRUCTOR,2,TEACHING
CLASSROOM ASSISTANT,1,TEACHING
COLLEGE INSTRUCTOR,1,TEACHING
COLLEGE TEACHER,1,TEACHING
EDUCATION,24,TEACHING
EDUCATOR,38,TEACHING
EDUCATOR-ARCHITECT,1,TEACHING
EDUCATPR,1,TEACHING
ESL TEACHER,1,TEACHING
FACULTY LECTURER,1,TEACHING
GRADUATE INSTRUCTOR,5,TEACHING
INSTRUCTOR,23,TEACHING
INSTRUCTOR OF RECORD,1,TEACHING
LECTURER,40,TEACHING
LECTURER IN FRENCH,1,TEACHING
LECTURER OF SOCIOLOGY,1,TEACHING
READING AND ARGUMENT TUTOR,1,TEACHING
RETIRED UNIV. TEACHER,1,TEACHING
SCIENTIST AND EDUCATOR,1,TEACHING
SWIM COACH,1,TEACHING
TEACHER,67,TEACHING
TEACHER - RETIRED,1,TEACHING
TEACHER/EDITOR,1,TEACHING
TEACHING ASSOCIATE,1,TEACHING
TEACHING FELLOW,10,TEACHING
TRAINER,1,TEACHING
TUTOR,4,TEACHING
TUTOR/WRITER,1,TEACHING
UNIVERSITY INSTRUCTOR,1,TEACHING
WRITING INSTRUCTOR,2,TEACHING
YOGA TEACHER,1,TEACHING
WRITER AND TEACHER,1,TEACHING
PRECEPTOR,1,TEACHING
DESIGN TEACHING FELLOW,1,TEACHING
COLLEGE SWIM COACH,1,TEACHING
COLLEGE SOFTBALL COACH,1,TEACHING
COACH,2,TEACHING
READING SPECIALIST,1,TEACHING
ACADEMIC ADMINISTRATOR,2,ADMIN
ADM,1,ADMIN
ADM COORDINATOR,1,ADMIN
ADM. ASST.,1,ADMIN
ADMIN,12,ADMIN
ADMIN ASSISTANT,5,ADMIN
ADMIN ASST,2,ADMIN
ADMIN ASST.,1,ADMIN
ADMIN COORDINATOR,1,ADMIN
ADMIN EMPLOYEE - ADMIN,1,ADMIN
ADMIN MANGER,1,ADMIN
ADMIN MGR,1,ADMIN
ADMIN RESEARCH COORDINATOR,1,ADMIN
ADMIN STAFF,1,ADMIN
ADMIN. AIDE,1,ADMIN
ADMIN. ASST.,1,ADMIN
ADMIN/CLERICAL,1,ADMIN
ADMINISRATION,1,ADMIN
ADMINISRATOR,1,ADMIN
ADMINISTRATION,19,ADMIN
ADMINISTRATIVE,2,ADMIN
ADMINISTRATIVE AIDE,2,ADMIN
ADMINISTRATIVE ASSISTANT,25,ADMIN
ADMINISTRATIVE COORDINATOR,5,ADMIN
ADMINISTRATIVE DIRECTOE,1,ADMIN
ADMINISTRATIVE DIRECTOR,1,ADMIN
ADMINISTRATIVE MANAGER,2,ADMIN
"ADMINISTRATIVE MANAGER, HR",1,ADMIN
ADMINISTRATIVE OFFICER,1,ADMIN
ADMINISTRATIVE PROJECT COORDINATOR,1,ADMIN
ADMINISTRATOR,63,ADMIN
ADMINISTRATOR/WRITE,1,ADMIN
ADMINISTRATOR/WRITER,1,ADMIN
ADMINSTRATOR,2,ADMIN
ALUMNI AND DEVELOPMENT,1,ADMIN
ALUMNI RELATIONS,4,ADMIN
ALUMNI RELATIONS COORDINATOR,1,ADMIN
ASSOCIATE VP GOVERNMENT RELATIONS,1,ADMIN
BUDGET AND FINANCE MANAGER,1,ADMIN
BUILDING SERVICES,1,ADMIN
BUSINESS,1,ADMIN
BUSINESS & ADMIN MANAGER,1,ADMIN
BUSINESS ANALYST,2,ADMIN
BUSINESS DEVELOPMENT,1,ADMIN
BUSINESS MANAGER,5,ADMIN
BUSINESS OFFICER,1,ADMIN
BUSINESS SUPPORT SPECIALIST II,1,ADMIN
"CHAIR, DEPT. OF ARCHITECTURE AND URBAN",1,ADMIN
CLERICAL,1,ADMIN
CLERK,1,ADMIN
COLLEGE ADMINISTRATION,1,ADMIN
COLLEGE ADMINISTRATOR,9,ADMIN
COMMS DIRECTOR,1,ADMIN
COMMUNICATIONS,17,ADMIN
COMMUNICATIONS AND MARKETING DIRECTOR,1,ADMIN
COMMUNICATIONS COORDINATOR,2,ADMIN
COMMUNICATIONS DIRECTOR,3,ADMIN
COMMUNICATIONS MANAGER,3,ADMIN
COMMUNICATIONS OFFICER,3,ADMIN
COMMUNICATIONS/EDITOR,1,ADMIN
COMMUNITY COLLEGE ADMINISTRATOR,1,ADMIN
COMMUNITY RELATIONS DIRECTOR,1,ADMIN
COMPLIANCE,2,ADMIN
COMPLIANCE ASSISTANT,1,ADMIN
CONTRACT COORDINATOR,1,ADMIN
CONTRACT SPECIALIST,2,ADMIN
CONTRACTS MANAGER,1,ADMIN
DATA COORDINATOR,2,ADMIN
DATA ENTRY,1,ADMIN
DATA MANAGEMENT,1,ADMIN
DATA MANAGEMENT/INFORMATICS LEAD,1,ADMIN
DATA MANAGER,6,ADMIN
DATABASE ADMINISTRATION,1,ADMIN
DATABASE ADMINISTRATOR,1,ADMIN
DEPARTMENT ADMINISTRATOR,1,ADMIN
DEPT. ADMIN.,1,ADMIN
DEPUTY ACADEMIC DIRECTOR,1,ADMIN
DEPUTY UNIVERSITY REGISTRAR,1,ADMIN
DIGITAL COMMUNICATIONS STRATEGIEST,1,ADMIN
DIGITAL CONTENT STRATEGIST,1,ADMIN
DIGITAL CONTENT WRITER,1,ADMIN
DIGITAL MEDIA COORDINATOR,1,ADMIN
DIGITAL PRESERVATION ASSISTANT,1,ADMIN
DIGITAL PROJECT DIRECTOR,1,ADMIN
DIGITAL STRATEGIST,1,ADMIN
DEVELOPMENT,8,ADMIN
DEVELOPMENT ASSISTANT,3,ADMIN
DEVELOPMENT COORDINATOR,1,ADMIN
DEVELOPMENT OFFICER,1,ADMIN
DIRECTOR,26,ADMIN
DIRECTOR - OFFICE,1,ADMIN
DIRECTOR ACADEMIC,1,ADMIN
DIRECTOR ENERGY MANAGEMENT,1,ADMIN
DIRECTOR OF ADVISING,1,ADMIN
DIRECTOR OF BUDGET OPERATIONS,1,ADMIN
DIRECTOR OF COMMUNICATIONS,2,ADMIN
DIRECTOR OF DEVELOPMENT,2,ADMIN
DIRECTOR OF EMPLOYEE AND LABOR RELATIO,1,ADMIN
DIRECTOR OF FINANCE,2,ADMIN
DIRECTOR OF GOVERNMENT RELATIONS,1,ADMIN
DIRECTOR OF OPERATIONS,3,ADMIN
DIRECTOR OF PUBLIC PROGRAMS AND ENGAGE,1,ADMIN
DIRECTOR OF STUDENT ENGAGEMENT,1,ADMIN
"DIRECTOR, COMMUNICATIONS",1,ADMIN
"DIRECTOR, EXECUTIVE EDUCATION",1,ADMIN
"DIRECTOR, OPERATIONS",1,ADMIN
"DIRECTOR, REVENUE CYCLE",1,ADMIN
DIRECTOR/ ASSOCIATE FACULTY,1,ADMIN
EDITOR,14,ADMIN
EDUCATION ADMINISTRATION,3,ADMIN
EDUCATION ADMINISTRATOR,1,ADMIN
EDUCATION MANAGEMENT,1,ADMIN
EDUCATION PROGRAM MANAGER,1,ADMIN
EDUCATIONAL ASSESSMENT SPECIALIST,1,ADMIN
EDUCATIONAL CONSULTANT,1,ADMIN
ENROLLMENT MANAGEMENT,1,ADMIN
ENROLLMENT OPERATIONS SPECIALIST,1,ADMIN
EVALUATOR,1,ADMIN
EVENT ADMINISTRATOR,1,ADMIN
EVENT PLANNER,2,ADMIN
EVENT PLANNING,1,ADMIN
EVENT SERVICES COORDINATOR,1,ADMIN
EVENTS PRODUCER,1,ADMIN
EXEC ASSISTANT,1,ADMIN
EXEC DIRECTOR,1,ADMIN
EXECUTIVE,1,ADMIN
EXECUTIVE ASSISTANT,10,ADMIN
EXECUTIVE DIRECTOR,6,ADMIN
EXTERNAL AFFAIRS,1,ADMIN
FACILITIES MANAGEMENT,1,ADMIN
FACILITIES MANAGER,1,ADMIN
FACILITIES MGMT,1,ADMIN
FELLOWSHIP DIRECTOR,1,ADMIN
FILM EVENT MANAGER,1,ADMIN
FINANCE,9,ADMIN
FINANCE DIRECTOR,1,ADMIN
FINANCE MANAGER,2,ADMIN
FINANCE OPERATION MANAGER,1,ADMIN
FINANCE/EDUCATION,1,ADMIN
FINANCIAL ANALYST,5,ADMIN
FINANCIAL MANAGEMENT,1,ADMIN
FINANCIAL MANAGER,1,ADMIN
FINANCIAL MGR,1,ADMIN
FINANCIAL SERVICE COORDINATOR,1,ADMIN
FINANCIAL SYSTEMS ANALYST,1,ADMIN
FREELANCE BLOGGER,1,ADMIN
FUNDRAISER,23,ADMIN
FUNDRAISER FOR CLIMATE,1,ADMIN
FUNDRAISING,5,ADMIN
FUNDRAISING PROFESSIONAL,1,ADMIN
GENERAL MANAGER,1,ADMIN
GOVERNMENT RELATIONS,1,ADMIN
GIFT  FOC ANALYST,1,ADMIN
GRANT AND RESEARCH DEVELOPMENT ASSOCIA,1,ADMIN
GRANT MANAGER,1,ADMIN
GRANTS AND CONTRACT OFFICER,1,ADMIN
GRANTS MANAGER,4,ADMIN
GRANTS MANAGMENT,1,ADMIN
GRANTS SPECIALIST,1,ADMIN
GRAPHIC ARTIST,1,ADMIN
GRAPHIC DESIGNER,6,ADMIN
"GRAPHIC DESIGNER (PART-TIME), STUDENT",1,ADMIN
GRAPHICS,1,ADMIN
HEALTH ADMINISTRATOR,1,ADMIN
HEALTH CARE,1,ADMIN
HEALTH CARE ADMINISTRATION,1,ADMIN
HEALTHCARE,4,ADMIN
HEALTHCARE ADMIN,2,ADMIN
HEALTHCARE ADMINISTRATION,1,ADMIN
HEALTHCARE ADMINISTRATOR,1,ADMIN
HEALTHCARE EXEC,1,ADMIN
HIGHER ED,7,ADMIN
HIGHER ED ADMIN,4,ADMIN
HIGHER ED ADMINISTRATION,6,ADMIN
HIGHER ED ADMINISTRATOR,2,ADMIN
HIGHER ED DEVELOPMENT,1,ADMIN
HIGHER EDUCATION,10,ADMIN
HIGHER EDUCATION ADMIN,1,ADMIN
HIGHER EDUCATION ADMINISTRATION,3,ADMIN
HIGHER EDUCATION ADMINISTRATOR,3,ADMIN
HR,3,ADMIN
HR ADMIN MANAGER,1,ADMIN
HR ADMINISTRATOR,1,ADMIN
HR BUSINESS PARTNER,1,ADMIN
HR MANAGER,2,ADMIN
HR REPRESENTATIVE,1,ADMIN
HR SPECIALIST,1,ADMIN
HUMAN RESOURCES,4,ADMIN
HUMAN RESOURCES GENERALIST,1,ADMIN
HUMAN RESOURCES MANAGEMENT PROFESSIONA,1,ADMIN
HUMAN RIGHTS EDUCATOR,1,ADMIN
INTRAMURAL SUPERVISOR,1,ADMIN
LABOR RELATIONS,1,ADMIN
MANAGEMENT,1,ADMIN
MANAGER,25,ADMIN
MANAGER OF BUDGET & FINANCE,1,ADMIN
MANAGER OF WEB AND DIGITAL DESIGN,1,ADMIN
MANGING EDITOR,1,ADMIN
MARKETING,4,ADMIN
MARKETING & COMMUNICATIONS,1,ADMIN
MARKETING MANAGER,2,ADMIN
MARKETING PROFESSIONAL,1,ADMIN
MATCHING GIFT COORDINATOR,1,ADMIN
MEDIA ANALYST,1,ADMIN
MEDIA RELATIONS,1,ADMIN
MEDIA SPECIALIST,1,ADMIN
MEDIA TECHNICIAN,1,ADMIN
NONPROFIT,1,ADMIN
NONPROFIT EXECUTIVE,1,ADMIN
OFFICE AID,1,ADMIN
OFFICE ASSISTANT,2,ADMIN
OFFICE ASSISTANT/STUDENT,1,ADMIN
OFFICE MANAGER,1,ADMIN
OFFICE SUPPORT,2,ADMIN
OFFICE SUPPORT ASSISTANT,1,ADMIN
OFFICE WORKER/ MUSICIAN,1,ADMIN
OFFICER OF ADMINISTRATION,2,ADMIN
OHSP COORDINATOR,1,ADMIN
OPERATIONS ASSOCIATE,1,ADMIN
OPERATIONS COORDINATOR,1,ADMIN
OPERATIONS MANAGER,1,ADMIN
OPERATIONS OFFICER,1,ADMIN
PAYROLL,1,ADMIN
PAYROLL ANALYST,1,ADMIN
PPET DIRECTOR OF RESEARCH & POLICY,1,ADMIN
PROGRAM ASSISTANT,5,ADMIN
PROGRAM COORDINATOR,18,ADMIN
PROGRAM DEVELOPMENT COORDINATOR,1,ADMIN
PROGRAM DIRECTOR,8,ADMIN
PROGRAM MANAGEMENT,1,ADMIN
PROGRAM MANAGER,15,ADMIN
PROGRAM OFFICER,2,ADMIN
PROJECT ANALYST,1,ADMIN
PROJECT ASSISTANT,1,ADMIN
PROJECT COORDINADOR,1,ADMIN
PROJECT COORDINATOR,6,ADMIN
PROJECT DEVELOPMENT,1,ADMIN
PROJECT DIRECTOR,4,ADMIN
PROJECT MANAGER,16,ADMIN
PUBLI SAFETY OFFICER,1,ADMIN
PUBLIC AFFAIRS,1,ADMIN
PUBLIC INFORMATION OFFICER,1,ADMIN
PUBLIC SAFETY,2,ADMIN
PUBLIC SAFETY OFFICER,2,ADMIN
REAL ESTATE MGMT,1,ADMIN
RECREATION AND EVENTS ATTENDANT,1,ADMIN
RECRUITER,1,ADMIN
RESEARCH ADMIN,1,ADMIN
RESEARCH ADMINISTRATION,1,ADMIN
RESEARCH ADMINISTRATIVE MANAGER,1,ADMIN
RESEARCH ADMINISTRATOR,3,ADMIN
RESEARCHER/ADMINISTRATOR,1,ADMIN
RESIDENT ADVISOR,2,ADMIN
RESIDENT DIRECTOR,1,ADMIN
SAFETY MANAGER,1,ADMIN
SAFETY PROFESSIONAL,1,ADMIN
SALES,1,ADMIN
SALESFORCE ARCHITECT,1,ADMIN
SCIENCE ADMINISTRATOR,1,ADMIN
SCIENCE OFFICER,2,ADMIN
SECRETARY,3,ADMIN
SENIOR CLERK,1,ADMIN
SENIOR CONSULTANT,1,ADMIN
SENIOR CONTRACTS OFFICER,1,ADMIN
SENIOR EXECUTIVE DIRECTOR,1,ADMIN
SENIOR FINANCE MANAGER,1,ADMIN
SENIOR BUSINESS MANAGER,1,ADMIN
SENIOR CATEGORY MANAGER,1,ADMIN
SECURITY,2,ADMIN
SECURITY GUARD,1,ADMIN
SECURITY OFFICER,1,ADMIN
SENIOR PROGRAM COORDINATOR,1,ADMIN
SENIOR PROJECT MANAGER,1,ADMIN
SOCIAL MEDIA DIRECTOR,1,ADMIN
SR. BUSINESS ANALYST,1,ADMIN
SR. PROJECT MANAGER,1,ADMIN
STAFF,3,ADMIN
STAFF ASSOCIATE,4,ADMIN
STAFF DEVELOPER,1,ADMIN
STAFF WRITER,1,ADMIN
SENIOR STAFF ASSOCIATE,3,ADMIN
STOCK CLERK,1,ADMIN
SENIOR WRITER,1,ADMIN
SPECIAL ADVISER,1,ADMIN
SPECIAL ASSISTANT,1,ADMIN
STUDENT AFFAIRS,2,ADMIN
STUDENT AFFAIRS PROFESSIONAL,1,ADMIN
STUDENT AIDE,1,ADMIN
STUDENT ASSISTANT,1,ADMIN
STUDENT CONSULTANT,1,ADMIN
STUDENT DINING ATTENDANT,1,ADMIN
STUDENT EMPLOYEE,2,ADMIN
STUDENT FUNDRAISER,1,ADMIN
STUDENT GALLERY ASSISTANT,1,ADMIN
STUDENT HEALTH ADMIN.,1,ADMIN
STUDENT JOB,1,ADMIN
STUDENT REPRESENTATIVE,1,ADMIN
SUB AWARDS MANAGER,1,ADMIN
SUPERINTENDENT OF BUILDINGS,1,ADMIN
SUPERVISOR,1,ADMIN
SUPERVISOR OF ENVIRONMENTAL CONTROLS,1,ADMIN
SUPPLY CHAIN ASSISTANT,1,ADMIN
SUPPORT STAFF,1,ADMIN
TITLE IX MANAGER,1,ADMIN
UNION REP,1,ADMIN
UNIVERSITY ADMIN,2,ADMIN
UNIVERSITY ADMINISTRATION,3,ADMIN
UNIVERSITY ADMINISTRATOR,11,ADMIN
VARIABLE HOURS OFFICER.,1,ADMIN
VICE PRESIDENT ATTORNEY,1,ADMIN
VP,1,ADMIN
VP FINANCE,1,ADMIN
WRITER,12,ADMIN
WORKFORCE DEVELOPMENT COORDINATOR,1,ADMIN
WRITER/EDITOR,1,ADMIN
WRITING FELLOW,1,ADMIN
APPLICATION DEVELOPER,1,ADMIN
AV MANAGER,2,ADMIN
AV TECH,3,ADMIN
AV TECHNICIAN,1,ADMIN
BROADCAST TECH,1,ADMIN
COMPUTER ENGINEER,1,ADMIN
COMPUTER PROGRAMMER,2,ADMIN
COMPUTER SECURITY,1,ADMIN
COMPUTER SPECIALISTS,1,ADMIN
COMPUTER TECH,2,ADMIN
COMPUTER TECHNICIAN,1,ADMIN
CONTROL TECH,1,ADMIN
CTO,1,ADMIN
CUSTOMER SERVICE REP,1,ADMIN
DIRECTOR OF INFORMATION TECHNOLOGY,1,ADMIN
DIRECTOR OF IT,2,ADMIN
EDUCATION TECHNOLOGIST,2,ADMIN
EDUCATIONAL TECHNOLOGIST,3,ADMIN
EDUCATIONAL TECHNOLOGY SPECIALIST,1,ADMIN
FIELD TECHNICIAN,1,ADMIN
FULL STACK DEVELOPER,1,ADMIN
INFORMATION SECURITY MANAGER,1,ADMIN
INFORMATION TECHNOLOGY,1,ADMIN
INFORMATION TECHNOLOGY MANAGER,1,ADMIN
IT,10,ADMIN
IT ANALYST,1,ADMIN
IT AUDITOR,1,ADMIN
IT DIRECTOR,5,ADMIN
IT ENGINEER,1,ADMIN
IT MANAGER,3,ADMIN
IT MGR,1,ADMIN
IT PROFESSIONAL,2,ADMIN
IT SECURITY,1,ADMIN
IT SPECIALIST,4,ADMIN
NETWORK OPERATIONS,1,ADMIN
NETWORK TECH,1,ADMIN
ONLINE HIGHER ED,1,ADMIN
OPERATIONS AND SYSTEMS SUPPORT SPECIAL,1,ADMIN
PROGRAMMER,9,ADMIN
PROGRAMMER/WEB DESIGNER,1,ADMIN
SENIOR TECHNICIAN,1,ADMIN
SENIOR UNIX ENGINEER,1,ADMIN
SOFTWARE DEVELOPER,6,ADMIN
SOFTWARE DEVELOPMENT,1,ADMIN
SOFTWARE DEVELOPMENT  MUSIC,1,ADMIN
SOFTWARE DEVELOPMER,1,ADMIN
SOFTWARE ENGINEER,2,ADMIN
SOFTWARE PROFESSIONAL,1,ADMIN
SR.  UNIX ENGINEER,1,ADMIN
SYS ADMIN,1,ADMIN
SYSTEM ADMIN,1,ADMIN
SYSTEM ADMINISTRATOR,1,ADMIN
SYSTEM ANALYST,1,ADMIN
SYSTEMS ADMINISTRATOR,3,ADMIN
SYSTEMS ANALYST,2,ADMIN
SYSTEMS DIRECTOR,1,ADMIN
TECHNICAL,1,ADMIN
TECHNICIAN,3,ADMIN
TECHNOLOGIST,1,ADMIN
TECHNOLOGY,1,ADMIN
TECHNOLOGY & MEDIA MANAGER,1,ADMIN
TECHNOLOGY LICENSING OFFICER,1,ADMIN
TECHNOLOGY MANAGER,2,ADMIN
TELECOMMUNICATIONS,1,ADMIN
TRAINING AND USER SUPPORT,1,ADMIN
WEB DESIGNER,1,ADMIN
WEB DEVELOPER,3,ADMIN
WEB PRODUCER,1,ADMIN
WEB STRATEGIST,1,ADMIN
WEBINAR SUPPORT SPECIALIST,1,ADMIN
WRITER // TECH SUPPORT,1,ADMIN
VIDEO EDITOR/PHOTOGRAPHER/INSTRUCTOR,1,ADMIN
VIDEOGRAPHER,2,ADMIN
VIDEOGRAPHER/DIRECTOR,1,ADMIN
PROCUREMENT COORDINATOR,1,ADMIN
PROCUREMENT OFFICER,1,ADMIN
PRODUCTION DIRECTOR,1,ADMIN
PRODUCTION EDITOR,1,ADMIN
PRODUCTION MANAGER,2,ADMIN
PRODUCTION SOUND,2,ADMIN
PRACTICE ASSISTANT,1,ADMIN
PRACTICE MANAGER,2,ADMIN
PR,1,ADMIN
PRE-EMPLOYMENT SPECIALIST,1,ADMIN
PRE-EMPLOYMENT TRANSITION SPECIALIST,1,ADMIN
POST PRODUCTION,1,ADMIN
PHOTOGRAPHER,2,ADMIN
PHILOSOPHY DEPARTMENT OFFICE ASSISTANT,1,ADMIN
PARALEGAL,1,ADMIN
LOBBYIST,2,ADMIN
LEGAL,1,ADMIN
LEGAL ASST.,1,ADMIN
LEGAL RESEARCHER,1,ADMIN
LAWYER,12,ADMIN
JOURNALIST/DOCUMENTARY FILMMAKER,1,ADMIN
IEA SPECIALIST,1,ADMIN
FACULTY AFFAIRS ASSISTANT,1,ADMIN
EVP DEVELOPMENT,1,ADMIN
DECANAL DIRECTOR,1,ADMIN
COORDINATOR,14,ADMIN
COORDINATOR OF LANGUAGE RESOURCE LAB,1,ADMIN
CREATIVE DIRECTOR,1,ADMIN
CONTACT TRACER FOR COVID-19,1,ADMIN
CABLE TV PRODUCER,1,ADMIN
BOX OFFICE STAFF,1,ADMIN
BC FOOD WEB MANAGER,1,ADMIN
BENEFITS SPECIALIST,1,ADMIN
ATTORNEY,17,ADMIN
ASST. DIRECTOR OF EDUCATIONAL FINANCIN,1,ADMIN
ASST. DIRECTOR OF PAYROLL,1,ADMIN
ASST DIRECTOR,1,ADMIN
ASSOCIATE DIRECTOR,11,ADMIN
ASSOCIATE DIRECTOR OF ADMISSIONS,1,ADMIN
ASSOCIATE DIRECTOR OF COMMUNICATIONS,1,ADMIN
ASSOCIATE DIRECTOR OF INFORMATICS AND,1,ADMIN
"ASSOCIATE DIRECTOR, CSSD",1,ADMIN
"ASSOCIATE DIRECTOR, GRADUATE LEGAL STU",1,ADMIN
ASSISTANT PROVOST,1,ADMIN
ASSISTANT TO THE CHAPLAIN,1,ADMIN
ASSOCIATE,2,ADMIN
ASSISTANT DIRECTOR,13,ADMIN
ASSISTANT DIRECTOR - BROADCAST AND MUL,1,ADMIN
ASSISTANT DIRECTOR OF ADMISSIONS OPERA,1,ADMIN
ASSISTANT DIRECTOR OF COMMUNICATIONS,1,ADMIN
ASSISTANT DIRECTOR OF MARKETING,2,ADMIN
ASSISTANT DIRECTOR OF STUDENT LIFE,1,ADMIN
"ASSISTANT DIRECTOR, ALUMNI RELATIONS",1,ADMIN
"ASSISTANT DIRECTOR, CLASS GIVING",1,ADMIN
"ASSISTANT DIRECTOR, FACULTY PROGRAMS A",1,ADMIN
"ASSISTANT DIRECTOR, HUMAN RESOURCES",1,ADMIN
"ASSISTANT DIRECTOR, MARKETING",1,ADMIN
ASSISTANT EVENT MANAGER,1,ADMIN
ASSISTANT FINANCE DIRECOT,1,ADMIN
ASSISTANCE DIRECTOR,1,ADMIN
ASSISTANT,5,ADMIN
ASSISTANT ACCOMMODATIONS MANAGER,1,ADMIN
ACAD DEPT LEAD SECRETARY,1,ADMIN
ACADEMIC AFFAIRS,1,ADMIN
ACADEMIC ATTORNEY,1,ADMIN
ACADEMIC COORDINATOR,1,ADMIN
ACADEMIC PROGRAM MANAGER,1,ADMIN
ACADEMIC SECRETARY,1,ADMIN
ACCOUNTANT,4,ADMIN
ACTING CHIEF OF STAFF,1,ADMIN
CHIEF OF STAFF,1,ADMIN
CHAPLAIN,1,ADMIN
ACADEMIA,2,ACADEMIA
ACADEMIC,12,ACADEMIA
ADJUNCT SENIOR RESEARCH SCHOLAR,1,ACADEMIA
ANTHROPOLOGIST,2,ACADEMIA
ANTHROPOLOGOIST,1,ACADEMIA
ART HANDLER,1,ACADEMIA
ART HISTORIAN,3,ACADEMIA
ASSOCIATE RESEARCH SCIENTIST,2,ACADEMIA
ASTRONOMER,3,ACADEMIA
ASTROPHYSICIST,1,ACADEMIA
BIBLIOGRAPHER ASSISTANT,2,ACADEMIA
BIBLIOGRAPHIC ASSISTANT,2,ACADEMIA
BIBLIOGRAPHIC ASSITANT,1,ACADEMIA
BILBLIOGRAPHIC ASSISTANT,1,ACADEMIA
BIOLOGIST,5,ACADEMIA
BIOMEDICAL RESEARCH,1,ACADEMIA
CHEMIST,2,ACADEMIA
CLIMATE SCIENTIST,3,ACADEMIA
DATA SCIENCE ENGINEER,1,ACADEMIA
DATA SCIENTIST,2,ACADEMIA
DATA SPECIALIST,1,ACADEMIA
DATA ANALYST,11,ACADEMIA
CYBER SECURITY ENGINEER,1,ACADEMIA
DISASTER RESEARCHER,1,ACADEMIA
ECONOMIST,5,ACADEMIA
EDUCATIONAL RESEARCH,1,ACADEMIA
EDUCATIONAL RESEARCHER,1,ACADEMIA
ENGINEER,4,ACADEMIA
ENVIRONMENTAL EPIGENETICIST,1,ACADEMIA
ENVIRONMENTAL SCIENTIST,2,ACADEMIA
GEOLOGIST,3,ACADEMIA
GIS ANALYST,1,ACADEMIA
HISTORIAN,1,ACADEMIA
HISTORIAN/RESEARCH SCHOLAR,1,ACADEMIA
INSTITUTIONAL RESEARCHER,1,ACADEMIA
INVESTMENT LAW RESEARCH,1,ACADEMIA
IRB SPECIALIST,2,ACADEMIA
LAB AIDE,1,ACADEMIA
LAB ASSISTANT,1,ACADEMIA
LAB MANAGER,5,ACADEMIA
LAB TECH,2,ACADEMIA
LAB TECHNICIAN,3,ACADEMIA
LABORATORY TECHNICIAN,2,ACADEMIA
LABORATORY TECHNOLOGY,1,ACADEMIA
LABORATORY WORKER,1,ACADEMIA
LIBRARIAN,35,ACADEMIA
LIBRARIAN ASSISTANT,2,ACADEMIA
LIBRARIAN CONTRACT WORKER,1,ACADEMIA
LIBRARY,1,ACADEMIA
LIBRARY ACCESS SUPERVISOR,1,ACADEMIA
LIBRARY ASSISTANT,8,ACADEMIA
LIBRARY ASSOCIATE,1,ACADEMIA
LIBRARY CIRCULATION ASSISTANT,1,ACADEMIA
LIBRARY DESK WORKER,1,ACADEMIA
LIBRARY WORKER,1,ACADEMIA
MATHEMATICIAN,2,ACADEMIA
MSC RESEARCH ASSISTANTSHIP,1,ACADEMIA
NUCLEAR PHARMACEUTICAL ENGINEER,1,ACADEMIA
OCEANOGRAPHER,1,ACADEMIA
OFFICER OF RESEARCH,1,ACADEMIA
ORAL HISTORIAN,1,ACADEMIA
PALEOCLIMALOGIST,1,ACADEMIA
PHYSICIST,6,ACADEMIA
POST DOC,3,ACADEMIA
POST-DOC,1,ACADEMIA
POST-DOCTORAL RESEARCH ASSISTANT,1,ACADEMIA
POST-DOCTORAL RESEARCH SCIENTIST,1,ACADEMIA
POST-DOCTORAL RESEARCHER,1,ACADEMIA
POSTDOC,13,ACADEMIA
POSTDOC RESEARCH SCIENTIST,1,ACADEMIA
POSTDOC RESEARCHER,1,ACADEMIA
POSTDOC SCIENTIST,1,ACADEMIA
POSTDOCTORAL FELLOW,10,ACADEMIA
POSTDOCTORAL RESEARCH FELLOW,4,ACADEMIA
POSTDOCTORAL RESEARCH SCHOLAR,2,ACADEMIA
POSTDOCTORAL RESEARCH SCIENTIST,6,ACADEMIA
POSTDOCTORAL RESEARCHER,10,ACADEMIA
POSTDOCTORAL RESEARCHER SCIENTIST,1,ACADEMIA
POSTDOCTORAL SCHOLAR,1,ACADEMIA
POSTDOCTORAL SCIENTIST,2,ACADEMIA
REAEARCHER,1,ACADEMIA
REFERENCE LIBRARIAN,1,ACADEMIA
RESEARCH,18,ACADEMIA
RESEARCH ANALYST,1,ACADEMIA
RESEARCH COMPLIANCE,1,ACADEMIA
RESEARCH CONSULTANT,1,ACADEMIA
RESEARCH COORDINATOR,11,ACADEMIA
RESEARCH EMPLOYEE,2,ACADEMIA
RESEARCH FARM MANAGER,1,ACADEMIA
RESEARCH FELLOW,5,ACADEMIA
RESEARCH MANAGER,3,ACADEMIA
RESEARCH PART-TIME,2,ACADEMIA
RESEARCH SCHOLAR,2,ACADEMIA
RESEARCH SCIENTIST,30,ACADEMIA
RESEARCH SCIENTIST AND LABORATORY MANA,1,ACADEMIA
RESEARCH STAFF,1,ACADEMIA
RESEARCH STAFF ASSISTANT,2,ACADEMIA
RESEARCH SYSTEMS ENGINEER,1,ACADEMIA
RESEARCH TECH,1,ACADEMIA
RESEARCH TECHNICIAN,8,ACADEMIA
RESEARCH WORKER,1,ACADEMIA
RESEARCHER,105,ACADEMIA
RETIRED LIBRARIAN,1,ACADEMIA
SCIENCE RESEARCH,1,ACADEMIA
SCIENTIFIC RESEARCH,1,ACADEMIA
SCIENTIST,96,ACADEMIA
SCIENTIST ACADEMIC,1,ACADEMIA
SCIENTIST-OCEANOGRAPHER,1,ACADEMIA
SCIENTISTS,1,ACADEMIA
SENIOR RESEARCH ANALYST,1,ACADEMIA
SENIOR RESEARCH SCHOLAR,2,ACADEMIA
SENIOR RESEARCH SCIENTIST,1,ACADEMIA
SENIOR RESEARCH STAFF ASSISTANT,1,ACADEMIA
SENIOR RESEARCH WORKER,1,ACADEMIA
SENIOR SCIENCE OFFICER,1,ACADEMIA
SR SCHOLAR,1,ACADEMIA
THEATER ARTS,1,ACADEMIA
THEATRE TECHNICIAN,1,ACADEMIA
URBAN AGRICULTURE RESEARCHER,1,ACADEMIA
URBAN PLANNER,1,ACADEMIA
IACUC ADMINISTER,1,ACADEMIA
EDUCATION RESEARCHER,1,ACADEMIA
CURATOR OF MEDIEVAL AND RENAISSANCE CO,1,ACADEMIA
ASSISTANT CURATOR,1,ACADEMIA
ACADEMIC RESEARCHER,2,ACADEMIA
ACADEMIC RESEARCHER/SCHOLAR,1,ACADEMIA
ACADEMICS,1,ACADEMIA
AUDIOLOGIST,2,MEDICAL
CANCER EPIDEMIOLOGIST,1,MEDICAL
CERTIFIED NURSE-MIDWIFE,1,MEDICAL
CHILD PSYCHIATRIST,1,MEDICAL
CLINICAL COORDINATOR,1,MEDICAL
CLINICAL PSYCHOLOGIST,2,MEDICAL
CLINICAL LAB SCIENTIST,1,MEDICAL
CLINICAL LAB TECH,1,MEDICAL
CLINICAL SOCIAL WORKER,1,MEDICAL
CLINICAL INSTRUCTOR,1,MEDICAL
CLINICAL RESEARCH,1,MEDICAL
CLINICAL RESEARCH AIDE,2,MEDICAL
CLINICAL RESEARCH COORDINATOR,9,MEDICAL
CLINICAL RESEARCH MANAGER,3,MEDICAL
DENTIST,1,MEDICAL
DIABETES RESEARCH,1,MEDICAL
DIETITIAN,1,MEDICAL
DOCTOR,23,MEDICAL
EMT,1,MEDICAL
EPIDEMIOLOGIST,7,MEDICAL
FAMILY PHYSICIAN,1,MEDICAL
GENETIC COUNSELOR,4,MEDICAL
HEALTH PHYSICIST,1,MEDICAL
HEALTH RESEARCH,1,MEDICAL
HEALTH RESEARCHER,1,MEDICAL
HOSPITAL ADMINISTRATION,2,MEDICAL
HOSPITAL BILLER/ASSISTANT,1,MEDICAL
LABORATORY VETERINARY TECHNICIAN,1,MEDICAL
MD,11,MEDICAL
"MD, COMPLIANCE SPECIALIST",1,MEDICAL
MEDICAL ADMIN,1,MEDICAL
MEDICAL BILLER,1,MEDICAL
MEDICAL COLLEGE ADMINISTRATOR,1,MEDICAL
MEDICAL DOCTOR,1,MEDICAL
MEDICAL RESEARCH,3,MEDICAL
MEDICAL RESEARCH SCIENTIST,1,MEDICAL
MEDICAL RESEARCHER,1,MEDICAL
MEDICAL SCHOOL ADMINISTRATOR,1,MEDICAL
MEDICAL SCIENTIST,2,MEDICAL
MEIDAI TECH,1,MEDICAL
MEMBER TECHNICAL STAFF,1,MEDICAL
MENTAL HEALTH COUNSELOR,1,MEDICAL
MIDWIFE,1,MEDICAL
NEUROLOGIST,4,MEDICAL
NEUROSCIENTIST,1,MEDICAL
NURSE,8,MEDICAL
NURSE ANESTHETIST,1,MEDICAL
NURSE PRACTITIONER,16,MEDICAL
NURSE PRACTITIONER IN PSYCHIATRY/FACUL,1,MEDICAL
NURSE PRACTITIONER/FACULTY,1,MEDICAL
NURSE PRACTITONER,1,MEDICAL
NURSING,1,MEDICAL
OCCUPATIONAL THERAPIST,2,MEDICAL
OPHTHALMIC TECH.,1,MEDICAL
OPHTHALMIC TECHNICIAN,1,MEDICAL
ORTHOPAEDIC SURGEON,5,MEDICAL
PARAMEDIC/SEXUAL VIOLENCE RESPONSE INT,1,MEDICAL
PATHOLOGIST,2,MEDICAL
PATHOLOGY TECHNICIAN,1,MEDICAL
PATIENT COORDINATOR,1,MEDICAL
PATIENT NAVIGATOR,2,MEDICAL
PEDIATRICIAN,4,MEDICAL
PERSONAL TRAINER,1,MEDICAL
PHYSICAL THERAPIST,2,MEDICAL
PHYSICAN,1,MEDICAL
PHYSICIAN,233,MEDICAL
PHYSICIAN (RETIRED),1,MEDICAL
PHYSICIAN ASSISTANT,3,MEDICAL
PHYSICIAN AT TRAINING,1,MEDICAL
PHYSICIAN PROGRAM DIRECTOR,1,MEDICAL
PHYSICIAN SCIENTIST,6,MEDICAL
PHYSICIAN/ CENTER DIRECTOR,1,MEDICAL
PHYSICIAN/ PROGRAM DIRECTOR,1,MEDICAL
PSYCHIATRIST,11,MEDICAL
PSYCHOLOGIST,23,MEDICAL
PSYCHOLOGY INTERN,1,MEDICAL
PT,2,MEDICAL
PUBLIC HEALTH,8,MEDICAL
PUBLIC HEALTH PHYSICIAN,1,MEDICAL
PUBLIC HEALTH PROFESSIONAL,1,MEDICAL
PUBLIC HEALTH PROGRAM OFFICER,1,MEDICAL
PUBLIC HEALTH RESEARCHER,3,MEDICAL
RADIATION ONCOLOGIST,1,MEDICAL
RADIATION THERAPIST,2,MEDICAL
RADIOLOGY,1,MEDICAL
REGISTERED NURSE,4,MEDICAL
RESEARCH NURSE PRACTITIONER,1,MEDICAL
RESEARCH PHYSICIAN,1,MEDICAL
RESIDENT PHYSICIAN,2,MEDICAL
RN,7,MEDICAL
SOCIAL WORKER,7,MEDICAL
SOCIOLOGIST,5,MEDICAL
SPEECH-LANGUAGE PATHOLOGIST,5,MEDICAL
SURGEON,5,MEDICAL
THERAPIST,2,MEDICAL
UNIVERSITY HEALTH CARE ADMINISTRATI,1,MEDICAL
UROLOGIST,1,MEDICAL
VASCULAR SURGEON,1,MEDICAL
VASCULAR TECHNOLOGIST,1,MEDICAL
VETERINARIAN,2,MEDICAL
VHO,1,MEDICAL
HEALTH PROMOTION ASSISTANT,1,MEDICAL
DVM,1,MEDICAL
ATTENDING ANESTHESIOLOGIST,1,MEDICAL
COLLEGE WORK-STUDY,1,UNDERGRADS
58 YR.OLD BA STUDENT,1,UNDERGRADS
DEVELOPER/STUDENT,1,UNDERGRADS
ENGINEER/STUDENT,1,UNDERGRADS
FEDERAL WORK STUDY,2,UNDERGRADS
MATH TUTOR/ STUDENT RESEARCHER,1,UNDERGRADS
"MUSICIAN, STUDENT, RESEARCHER, TEACHIN",1,UNDERGRADS
ON-CAMPUS WORK STUDY,1,UNDERGRADS
RESEARCH INTERN,1,UNDERGRADS
SJI INTERN,1,UNDERGRADS
SOFTWARE ENGINEERING INTERN,1,UNDERGRADS
STUDENT,215,UNDERGRADS
STUDENT / TUTOR,1,UNDERGRADS
STUDENT FEDERAL WORK STUDY,1,UNDERGRADS
STUDENT RESEARCHER,2,UNDERGRADS
STUDENT WORK STUDY,2,UNDERGRADS
STUDENT WORK-STUDY,1,UNDERGRADS
STUDENT WORKER,9,UNDERGRADS
STUDENT/RESEARCH ASSISTANT,1,UNDERGRADS
STUDENT/RESEARCHER,1,UNDERGRADS
STUDENT/TEACHING ASSISTANT,3,UNDERGRADS
STUDENT/WORK STUDY,2,UNDERGRADS
UNDERGRADUATE RESEARCH ASSISTANT,1,UNDERGRADS
UNDERGRADUATE TEACHING ASSISTANT,1,UNDERGRADS
WORK STUDY,6,UNDERGRADS
WORK STUDY STUDENT,1,UNDERGRADS
PRINTMAKING INTERN,1,UNDERGRADS
INTERN,6,UNDERGRADS
GYM ATTENDANT/STUDENT WORKER,1,UNDERGRADS
COLLEGE STUDENT,1,UNDERGRADS
"BOX OFFICE ASSISTANT, WORK STUDY",1,UNDERGRADS
ADMINISTRATIVE ASSISTANT (STUDENT WORK,1,UNDERGRADS
ADMINISTRATIVE ASSISTANT (WORK STUDY),1,UNDERGRADS
ADMINISTRATIVE ASSISTANT/STUDENT,1,UNDERGRADS
CHAIRS FELLOW (STUDENT ASSISTANT),1,UNDERGRADS
DENTAL STUDENT,1,GRAD
"DOCTORAL CANDIDATE, INSTRUCTOR",1,GRAD
DOCTORAL FELLOW,1,GRAD
DOCTORAL FELLOW & TEACHING ASSISTANT,1,GRAD
DOCTORAL RESEARCH ASSISTANT,1,GRAD
DOCTORAL RESEARCH COORDINATOR,1,GRAD
DOCTORAL RESEARCH FELLOW,3,GRAD
DOCTORAL STUDENT,10,GRAD
"DOCTORAL STUDENT, PSYCHOLOGY",1,GRAD
DOCTORAL STUDENTS,1,GRAD
ECONOMICS PHD CANDIDATE,1,GRAD
FELLOW & GRAD STUDENT,1,GRAD
FELLOW,1,GRAD
GRA,1,GRAD
GRAD RESEARCH ASSISTANT,1,GRAD
GRAD STUDENT,24,GRAD
GRAD STUDENT WORKER,1,GRAD
GRAD STUDENT/TEACHER,1,GRAD
GRADUATE ASSISTANT,12,GRAD
GRADUATE FELLOW,2,GRAD
GRADUATE PHD CANDIDATE,1,GRAD
GRADUATE RESEARCH ASSISTANT,27,GRAD
GRADUATE RESEARCH ASSOCIATE,1,GRAD
GRADUATE RESEARCHER,5,GRAD
GRADUATE STUDEDENT,1,GRAD
GRADUATE STUDENT,144,GRAD
GRADUATE STUDENT / TEACHING ASSISTANT,1,GRAD
GRADUATE STUDENT & WORKER,1,GRAD
GRADUATE STUDENT ASSISTANT,1,GRAD
GRADUATE STUDENT INSTRUCTOR,1,GRAD
GRADUATE STUDENT RESEARCH ASSISTANT,1,GRAD
GRADUATE STUDENT RESEARCHER,3,GRAD
GRADUATE STUDENT WORKER,12,GRAD
"GRADUATE STUDENT, CO-FOUNDER",1,GRAD
GRADUATE STUDENT/RESEARCH ASSISTANT/TE,1,GRAD
GRADUATE STUDENT/TA,1,GRAD
GRADUATE STUDENT/TEACHING ASSISTANT,1,GRAD
GRADUATE STUDENT/WORKER,2,GRAD
GRADUATE TEACHING ASSISTANT,7,GRAD
GRADUATE WORKER,7,GRAD
GRADUATE+STUDENT,1,GRAD
GRADUTE STUDENT,1,GRAD
GRAUDATE STUDENT,1,GRAD
INSTRUCTOR & STUDENT,1,GRAD
MASTER'S STUDENT,1,GRAD
MASTERS STUDENT,1,GRAD
MEDICAL STUDENT,4,GRAD
MEDICAL/GRADUATE STUDENT,1,GRAD
NEUROBIOLOGY AND BEHAVIOR PH.D. STUDEN,1,GRAD
PH.D CANDIDATE,1,GRAD
PH.D. CANDIDATE,2,GRAD
PH.D. STUDENT,1,GRAD
PHD,2,GRAD
PHD CANDIDATE,20,GRAD
PHD CANDIDATE/T.A.,1,GRAD
PHD CANDIDATE/TEACHING FELLOW,2,GRAD
PHD GRAD STUDENT,1,GRAD
PHD STUDENT,55,GRAD
PHD STUDENT / INSTRUCTOR,1,GRAD
PHD STUDENT + TEACHING FELLOW,1,GRAD
PHD STUDENT AND RESEARCH ASSISTANT,1,GRAD
PHD STUDENT/RESEARCH ASSISTANT,1,GRAD
PHD STUDENT/RESEARCHER,1,GRAD
PHYSICS GRADUATE RESEARCH ASSISTANT,1,GRAD
RESEARCH ASSISTAN/PHD STUDENT,1,GRAD
RESEARCH ASSISTANT,95,GRAD
RESEARCH ASSISTANT - FORESTRY MSC,1,GRAD
RESEARCH ASSISTANT (PART-TIME); STUDEN,1,GRAD
RESEARCH ASSITANT,1,GRAD
RESEARCH ASSOCIATE / GRADUATE STUDENT,1,GRAD
RESEARCH ASSOCIAE,1,GRAD
RESEARCH ASSOCIATE,4,GRAD
RESEARCH/TEACHER ASSISTANT,1,GRAD
TA,6,GRAD
TEACHER ASSISTANT,1,GRAD
TEACHER'S ASSISTANT,2,GRAD
TEACHERS ASSISTANT,1,GRAD
TEACHING ASSISTANT,53,GRAD
"TEACHING ASSISTANT, GRADUATE STUDENT",1,GRAD
"TEACHING ASSISTANT, WRITING CONSULTANT",1,GRAD
TEACHING ASSISTANT/STUDENT,1,GRAD
THEATERMAKER & DOCTORAL STUDENT IN PUB,1,GRAD
UNIVERSITY FELLOW,1,GRAD
PRE-DOCTORAL FELLOW,1,GRAD
PREDOCTORAL FELLOW,1,GRAD
ACADEMIC ADVISOR,13,OTHER
ADMISSIONS,2,OTHER
ADMISSIONS COORDINATOR,2,OTHER
ADMISSIONS COUNSELOR,3,OTHER
ADMISSIONS DIRECTOR,1,OTHER
ADMISSIONS OFFICER,5,OTHER
ADVISER,1,OTHER
ADVISOR,7,OTHER
ALCOHOL PROCTOR,1,OTHER
ANALYST,8,OTHER
ARCHITECT,3,OTHER
ARCHIVIST,4,OTHER
ART DIRECTOR,1,OTHER
ARTIST,1,OTHER
ARTS ADMIONISTRATOR,1,OTHER
ASSIST ENG.,1,OTHER
ATHLETICS,2,OTHER
CAREER ADVISOR,4,OTHER
CAREER COACH,2,OTHER
CAREER COUNSELOR,3,OTHER
CAREER PLACEMENT OFFICER,1,OTHER
CAREER PROFESSIONAL,1,OTHER
CAREER SPECIALIST,1,OTHER
CHAIRS FELLOW,1,OTHER
CLEANER,1,OTHER
COLLEGE ADMISSIONS,2,OTHER
COLLEGE ADMISSIONS COUNSELOR,1,OTHER
COLUMBIA UNIVERSITY,1,OTHER
CONTENT MANAGER,1,OTHER
COUNSELOR,2,OTHER
COURSE ASSOCIATE,1,OTHER
DESIGNER,2,OTHER
DISABILITY SERVICES,1,OTHER
DISABILITY SERVICES OFFICER,1,OTHER
EDU PD FACILITATOR,1,OTHER
EDUCATION ADVISER,1,OTHER
ELECTRICIAN,1,OTHER
ENROLLMENT COACH,2,OTHER
EXCHANGE STUDENT ADVISOR,1,OTHER
FACULTY STUDENT ASSISTANT,1,OTHER
FILM PROJECTIONIST,1,OTHER
FILMMAKER,3,OTHER
FINANCIAL AID,2,OTHER
FINANCIAL AID ADVISOR,1,OTHER
FOOD SECURITY CONSULTANT,1,OTHER
GRADUATE ADMISSION ADVISOR,1,OTHER
GROUP LEADER,1,OTHER
HEAD CLEANER,1,OTHER
HEAVY CLEANER,1,OTHER
HVAC MECHANIC,1,OTHER
HVAC TECNICIAN,1,OTHER
INDUSTRIAL HYGIENIST,1,OTHER
INFORMATICS,1,OTHER
INSTRUCTIONAL CONSULTANT,1,OTHER
INSTRUCTIONAL SUPPORT,1,OTHER
L&D MANAGER,1,OTHER
L&OD MANAGER,1,OTHER
LEARNING DESIGNER,1,OTHER
LEARNING SPECIALIST,1,OTHER
LIFEGUARD,2,OTHER
MACHINIST,1,OTHER
MAIL ASSISTANT,1,OTHER
MARINER,1,OTHER
PAINTER,1,OTHER
PART-TIME CASUAL,1,OTHER
PART-TIME OFFIIICER,1,OTHER
POET,1,OTHER
PORTER,3,OTHER
PRIVATE EMPLOYEE,1,OTHER
PROJECTIONIST,1,OTHER
PUBLISHER,2,OTHER
PUBLISHING,1,OTHER
RESIDENCE HALL DIRECTOR,1,OTHER
RETIRED,2,OTHER
SACRED MUSIC COORDINATOR,1,OTHER
SIMULATED PATEINT AT SHELDON LEARNING,1,OTHER
STUDENT STAFF,1,OTHER
STUDY PLAN CONDULTANT,1,OTHER
TAMER CENTER FOR SOCIAL ENTERPRISE,1,OTHER
TRADES,1,OTHER
TRAINEE,1,OTHER
UNDERGROUND LINEMAN,1,OTHER
WORKER BEE,1,OTHER